insert into Profiles (ID, backgroundImg, avatar, name, gmail, password) values (0, 2131230817, 2131230826, 'personA', 'A@gmail.com', 'Apassword')
insert into Profiles (ID, backgroundImg, avatar, name, gmail, password) values (1, 2131230817, 2131230826, 'personB', 'B@gmail.com', 'Bpassword')
insert into Profiles (ID, backgroundImg, avatar, name, gmail, password) values (2, 2131230817, 2131230826, 'personC', 'C@gmail.com', 'Cpassword')
insert into Profiles (ID, backgroundImg, avatar, name, gmail, password) values (3, 2131230817, 2131230826, 'personD', 'D@gmail.com', 'Dpassword')

insert into Posts (ID, ownerId, status, text, image) values	(0, 0, '09-09-2010', 'just got ass kicked', 2131230817)
insert into Posts (ID, ownerId, status, text, image) values	(1, 1, '09-07-2010', 'my friend just got his ass kicked', 2131230817)
insert into Posts (ID, ownerId, status, text, image) values	(2, 2, '09-06-2010', 'just kicked some ass', 2131230817)
insert into Posts (ID, ownerId, status, text, image) values	(3, 3, '09-06-2010', 'just wake up from a comma', 2131230817)

insert into Notifications(ID, postId, senderId, type, status, comment) values (0, 0, 1, 'L', '09-08-2010', '')
insert into Notifications(ID, postId, senderId, type, status, comment) values (1, 0, 1, 'S', '09-08-2010', '')
insert into Notifications(ID, postId, senderId, type, status, comment) values (2, 0, 1, 'C', '09-08-2010', 'just to admit he was strong')
insert into Notifications(ID, postId, senderId, type, status, comment) values (3, 0, 0, 'C', '09-08-2010', 'you and your useless black bell')
insert into Notifications(ID, postId, senderId, type, status, comment) values (4, 0, 3, 'C', '09-08-2010', 'i was unconscious at that time bro')
insert into Notifications(ID, postId, senderId, type, status, comment) values (5, 0, 3, 'L', '09-08-2010', '')
insert into Notifications(ID, postId, senderId, type, status, comment) values (6, 0, 2, 'C', '09-08-2010', 'that was a good practice match, want to rematch some day')
insert into Notifications(ID, postId, senderId, type, status, comment) values (7, 0, 3, 'C', '09-08-2010', 'yeah man that was so lit')
insert into Notifications(ID, postId, senderId, type, status, comment) values (8, 0, 0, 'C', '09-08-2010', 'sure )-:<')


insert into ReceivedNotifications (receiverId, notificationId) values (0, 0)
insert into ReceivedNotifications (receiverId, notificationId) values (0, 1)
insert into ReceivedNotifications (receiverId, notificationId) values (0, 2)
insert into ReceivedNotifications (receiverId, notificationId) values (0, 3)
insert into ReceivedNotifications (receiverId, notificationId) values (0, 4)
insert into ReceivedNotifications (receiverId, notificationId) values (0, 5)
insert into ReceivedNotifications (receiverId, notificationId) values (0, 6)
insert into ReceivedNotifications (receiverId, notificationId) values (0, 7)
insert into ReceivedNotifications (receiverId, notificationId) values (0, 8)

insert into Notifications(ID, postId, senderId, type, status, comment) values (9, 1, 0, 'L', '09-07-2010', '')
insert into Notifications(ID, postId, senderId, type, status, comment) values (10, 1, 2, 'L', '09-07-2010', '')
insert into Notifications(ID, postId, senderId, type, status, comment) values (11, 1, 3, 'L', '09-07-2010', '')
insert into Notifications(ID, postId, senderId, type, status, comment) values (12, 1, 1, 'L', '09-07-2010', '')
insert into Notifications(ID, postId, senderId, type, status, comment) values (13, 1, 2, 'C', '09-07-2010', 'what a day!')
insert into Notifications(ID, postId, senderId, type, status, comment) values (14, 1, 1, 'C', '09-07-2010', 'sure bruh')
insert into Notifications(ID, postId, senderId, type, status, comment) values (15, 1, 0, 'C', '09-07-2010', 'you were lucky bro')
insert into Notifications(ID, postId, senderId, type, status, comment) values (16, 1, 2, 'C', '09-07-2010', 'you fogot you have to post something')
insert into Notifications(ID, postId, senderId, type, status, comment) values (17, 1, 0, 'C', '09-07-2010', 'dang it')


insert into ReceivedNotifications (receiverId, notificationId) values (1, 9)
insert into ReceivedNotifications (receiverId, notificationId) values (1, 10)
insert into ReceivedNotifications (receiverId, notificationId) values (1, 11)
insert into ReceivedNotifications (receiverId, notificationId) values (1, 12)
insert into ReceivedNotifications (receiverId, notificationId) values (1, 13)
insert into ReceivedNotifications (receiverId, notificationId) values (1, 14)
insert into ReceivedNotifications (receiverId, notificationId) values (1, 15)
insert into ReceivedNotifications (receiverId, notificationId) values (1, 16)
insert into ReceivedNotifications (receiverId, notificationId) values (1, 17)


insert into Notifications(ID, postId, senderId, type, status, comment) values (18, 2, 0, 'L', '09-06-2010', '')
insert into Notifications(ID, postId, senderId, type, status, comment) values (19, 2, 1, 'L', '09-06-2010', '')
insert into Notifications(ID, postId, senderId, type, status, comment) values (20, 2, 3, 'L', '09-06-2010', '')
insert into Notifications(ID, postId, senderId, type, status, comment) values (21, 2, 2, 'L', '09-06-2010', '')
insert into Notifications(ID, postId, senderId, type, status, comment) values (22, 2, 0, 'C', '09-06-2010', 'omg u r so pro')
insert into Notifications(ID, postId, senderId, type, status, comment) values (23, 2, 1, 'C', '09-06-2010', 'badass')
insert into Notifications(ID, postId, senderId, type, status, comment) values (24, 2, 2, 'C', '09-06-2010', 'thanks')
insert into Notifications(ID, postId, senderId, type, status, comment) values (25, 2, 3, 'C', '09-06-2010', 'what happen ?')

insert into ReceivedNotifications (receiverId, notificationId) values (2, 18)
insert into ReceivedNotifications (receiverId, notificationId) values (2, 19)
insert into ReceivedNotifications (receiverId, notificationId) values (2, 20)
insert into ReceivedNotifications (receiverId, notificationId) values (2, 21)
insert into ReceivedNotifications (receiverId, notificationId) values (2, 22)
insert into ReceivedNotifications (receiverId, notificationId) values (2, 23)
insert into ReceivedNotifications (receiverId, notificationId) values (2, 24)
insert into ReceivedNotifications (receiverId, notificationId) values (2, 25)

insert into Notifications(ID, postId, senderId, type, status, comment) values (26, 3, 0, 'L', '09-06-2010', '')
insert into Notifications(ID, postId, senderId, type, status, comment) values (27, 3, 1, 'L', '09-06-2010', '')
insert into Notifications(ID, postId, senderId, type, status, comment) values (28, 3, 3, 'L', '09-06-2010', '')
insert into Notifications(ID, postId, senderId, type, status, comment) values (29, 3, 2, 'L', '09-06-2010', '')
insert into Notifications(ID, postId, senderId, type, status, comment) values (30, 3, 2, 'C', '09-06-2010', 'are you alright')
insert into Notifications(ID, postId, senderId, type, status, comment) values (31, 3, 3, 'C', '09-06-2010', 'im fine now')
insert into Notifications(ID, postId, senderId, type, status, comment) values (32, 3, 0, 'C', '09-06-2010', 'you should exercise more')
insert into Notifications(ID, postId, senderId, type, status, comment) values (33, 3, 3, 'C', '09-06-2010', 'you hit me in the head dude')
insert into Notifications(ID, postId, senderId, type, status, comment) values (34, 3, 1, 'C', '09-06-2010', 'dude')
insert into Notifications(ID, postId, senderId, type, status, comment) values (35, 3, 0, 'C', '09-06-2010', 'lol')

insert into ReceivedNotifications (receiverId, notificationId) values (3, 26)
insert into ReceivedNotifications (receiverId, notificationId) values (3, 27)
insert into ReceivedNotifications (receiverId, notificationId) values (3, 28)
insert into ReceivedNotifications (receiverId, notificationId) values (3, 29)
insert into ReceivedNotifications (receiverId, notificationId) values (3, 30)
insert into ReceivedNotifications (receiverId, notificationId) values (3, 31)
insert into ReceivedNotifications (receiverId, notificationId) values (3, 32)
insert into ReceivedNotifications (receiverId, notificationId) values (3, 33)
insert into ReceivedNotifications (receiverId, notificationId) values (3, 34)
insert into ReceivedNotifications (receiverId, notificationId) values (3, 35)

